Date,PM2.5,PM10,SO2,NO2,CO,O3,TEMP,PRES,DEWP,WSPM
2015.1.01,38.17,61,21.54,49.13,941.67,24.17,-2.04,1024.25,-22.34,2.27
2015.1.02,59.17,83.88,34.42,69.46,1337.5,13.5,-1.38,1022.67,-17.98,1.71
2015.1.03,161,196.33,76.58,117.42,3558.33,2.25,-2.83,1011.08,-15.46,1.01
2015.1.04,189.79,221.58,82.92,128.42,4216.67,3.83,0.38,1010.38,-13.08,1.14
2015.1.05,100.79,162.38,61.58,68.25,2891.67,26.54,3.58,1013.67,-14.07,2.75
2015.1.06,28.79,55.13,24.21,38.21,837.5,24.92,-0.13,1021.04,-21.81,2.28
2015.1.07,52.75,75.79,36.54,65.58,1612.5,7.46,-2.71,1023.92,-17.02,0.98
2015.1.08,129.67,172.81,53.6,103.44,3320.83,2,-1.88,1023.5,-13.42,1.31
2015.1.09,75.96,97.67,44.08,68.5,1879.17,22.42,1.88,1021.92,-15.37,1.75
2015.1.10,132.46,165.79,57.5,103.17,2891.67,10,1.21,1016.21,-13.1,1.05
2015.1.11,29.08,46,14.42,41.21,812.5,30.83,2.38,1025.92,-13.54,1.7
2015.1.12,117.63,139.17,44,83.08,2504.17,8.21,-1.68,1031.55,-10.82,1.41
2015.1.13,151.08,197.17,66.04,97.96,3112.5,5.04,-2.96,1028.08,-8.87,1.2
2015.1.14,202.33,227.46,67.21,113.88,3504.17,2.13,-2.56,1026.36,-7.81,1.09
2015.1.15,300.71,328.13,42.17,127.58,4825,2.25,-3.25,1022.91,-7.7,0.99
2015.1.16,100.08,113.75,13.17,36.08,2033.33,39.71,0.13,1023,-14.86,3.2
2015.1.17,60,68.46,30,57.58,1404.17,24.75,-2.54,1025.79,-15.63,1.5
2015.1.18,63.75,104.98,39.9,52.56,1595.83,31.25,1.83,1014.04,-14.12,2.37
2015.1.19,37.08,68.17,27.96,62,1354.17,21.29,1.42,1018.54,-14.58,1.51
2015.1.20,79.13,108.5,51.38,80.21,2129.17,7.83,-0.25,1016.88,-9.36,1.27
2015.1.21,17.13,24.58,20.42,32.5,870.83,37.67,1.58,1021.46,-14.12,2.58
2015.1.22,99.42,128.96,44.13,85.04,2179.17,10.67,-1.75,1018.46,-13.05,1.18
2015.1.23,186.08,218.21,68.21,122.04,3650,3.83,-0.83,1013.25,-11.5,1
2015.1.24,82.29,98.17,34.71,72.79,1950,10.33,-0.08,1019.67,-8.36,1.23
2015.1.25,107,110.58,18,53.38,1575,10.38,0.81,1019.7,-3.61,1.6
2015.1.26,83.5,87.42,10.58,34.46,1737.5,32.42,-0.42,1022.92,-13.08,2.45
2015.1.27,14.77,18.5,15.6,27.13,875,39.15,-3.78,1030.59,-21.65,2.29
2015.1.28,26.23,32.21,17.46,49.29,1150,25.17,-2.21,1028.04,-19.62,1.61
2015.1.29,56.79,65,21.67,38.67,1266.67,32.42,0.08,1023.08,-14.5,2.2
2015.1.30,11.1,27.1,17.15,21.75,630,52.5,-2.35,1029.75,-21.29,1.85
2015.1.31,28.92,45.71,20.42,42.88,820.83,29.96,-2.35,1032.51,-21.71,1.54
2015.2.01,69.08,90.58,49.92,73.5,1841.67,6.17,-3.67,1028.67,-17.17,0.95
2015.2.02,138.38,158,74.52,101.38,3080.95,11.52,-1.32,1026.32,-14.58,1.36
2015.2.03,105.29,114.13,39.38,75.33,2179.17,41.63,1.17,1025.25,-10.63,2.01
2015.2.04,9.54,47.42,14.29,17.54,412.5,78.48,1.53,1026.4,-16.51,3.3
2015.2.05,22.46,34.75,18.92,44.21,712.5,56.33,1.79,1026.08,-14.47,1.53
2015.2.06,63.17,83.54,32.21,93,1829.17,27.26,0.92,1016.08,-12.28,1.18
2015.2.07,11.96,35.38,15.67,22,512.5,83.46,1.71,1023.58,-19.6,2.97
2015.2.08,20.88,33.5,18.38,26.71,550,72.04,-2.88,1029.88,-24.69,1.91
2015.2.09,99.29,123.29,49.42,88,1887.5,78.54,-1.97,1021.06,-20.01,1.49
2015.2.10,118.83,156.77,52.42,107.29,2520.83,35.43,1.73,1010.65,-15.52,1.19
2015.2.11,42.6,71.06,25.58,45.33,1195.83,64.96,4.52,1010.92,-15.13,1.75
2015.2.12,28.67,41.81,11.96,40.29,691.67,70.6,1.96,1013.79,-13.22,1.72
2015.2.13,115.75,139.42,36.25,92.13,2220.83,52.23,1.54,1011.4,-10.03,1.36
2015.2.14,225.92,245.17,63.67,128.88,3395.83,27.79,3.42,1006.63,-9.37,1.26
2015.2.15,266.29,294.83,85.83,136.42,4745.83,8.71,2.58,1012.29,-7.5,1.13
2015.2.16,107.33,146.5,38.25,56.04,2287.5,32.6,4.42,1011.88,-10.47,1.96
2015.2.17,19.17,37.54,10.38,32.08,545.83,45.67,4.48,1017.2,-10.92,1.54
2015.2.18,41.38,54.75,20.67,38.25,820.83,55.63,4.13,1023.96,-12.66,1.7
2015.2.19,171.58,215.63,53.71,42.29,1312.5,48.04,1.83,1022.33,-6.86,1.89
2015.2.20,118.21,118.21,13.38,44.04,1483.33,25.96,1.11,1015.14,-0.16,1.08
2015.2.21,137.88,254.33,12.46,33.13,1545.83,35.04,1.17,1012.2,-7.03,2.6
2015.2.22,38,318,5.04,14.67,358.33,65.17,-1.04,1017.3,-20.96,2.86
2015.2.23,53.29,124.13,26.79,35.79,766.67,51.17,-0.42,1015.08,-13.78,1.6
2015.2.24,150.67,235.63,42.67,68.08,2195.83,30.81,1.02,1010.86,-6.83,1.37
2015.2.25,64.92,97.38,12.88,33.71,962.5,53.38,2.77,1013.87,-15.38,2.63
2015.2.26,12.58,23.33,6.58,19.42,400,63.13,1.77,1020.5,-20.68,2.41
2015.2.27,21,38.63,12.92,33.92,670.83,43.96,-0.11,1028.1,-14.24,1.71
2015.2.28,118.83,122.58,11.67,44.67,1216.67,23.25,0.09,1021.25,-4.07,2.16
2015.3.01,29.75,81.75,10.88,39.71,700,53.08,4.81,1016.2,-13.4,2.5
2015.3.02,53.04,105.58,20.88,51.63,1379.17,45,6.24,1007.77,-12.65,2.61
2015.3.03,9.54,69.21,2.25,8.42,275,74.08,1.82,1019.43,-24.93,4.34
2015.3.04,23.83,45.5,13.08,36.92,620.83,56.71,1.53,1024.18,-25.08,2.19
2015.3.05,116.54,148.58,60.08,71.46,1754.17,42.42,2.43,1021.62,-17.25,2.3
2015.3.06,201.17,224.83,67.63,92.79,2266.67,35.83,2.41,1014.94,-10.03,1.23
2015.3.07,236.21,253.88,52.67,95.08,2429.17,44.08,4.66,1014.47,-4.7,1.23
2015.3.08,125.21,141.29,31.33,57.69,1416.67,49.06,6.01,1017.98,-10.61,2.46
2015.3.09,9.75,32.21,3.13,13.02,279.17,79.85,0.6,1031.38,-28,3.63
2015.3.10,29.25,45.21,11.46,45.19,666.67,57.25,2.1,1026.19,-22.16,2.27
2015.3.11,46.25,67.67,19.54,58.98,1033.33,49.38,4.13,1018.91,-18.72,1.87
2015.3.12,78.17,109.72,27.5,81.97,1616.67,26.53,3.9,1013.27,-13.22,1.66
2015.3.13,69.46,81.92,25.75,67.5,1329.17,44.25,5.01,1017.54,-13.51,1.61
2015.3.14,102.54,131.58,43.67,91.71,2020.83,16.06,4.25,1016.76,-6.14,1.55
2015.3.15,97.67,207.83,22.83,74.96,1629.17,49.63,9.36,1012.6,-9.86,2.04
2015.3.16,205.33,299.63,35.46,96.71,2083.33,13.98,9.7,1007.83,0.96,1.58
2015.3.17,199.46,242.63,17.83,67,1829.17,54.63,10.61,1014.92,-0.94,2.05
2015.3.18,42.88,85.83,12.5,46.21,691.67,67.25,9.03,1012.13,-8.77,1.61
2015.3.19,88.96,214.88,14.13,83.79,1216.67,39.79,11.28,1012.39,-7.99,1.68
2015.3.20,43.75,199.25,5.92,53.58,537.5,60.48,14.1,1013.22,-13.28,1.85
2015.3.21,20.5,102.25,4.58,32.08,408.33,69.21,14.57,1014.05,-18.45,3.1
2015.3.22,22.5,120.96,4.33,22.25,375,75.65,10.17,1023.28,-16.95,3.3
2015.3.23,37.33,97.54,8.73,50.67,762.5,51.88,10.2,1024.61,-13.22,2.1
2015.3.24,80.17,135.08,30.58,77.54,2004.17,50.48,9.3,1027.11,-8.24,1.89
2015.3.25,121.54,173.96,42.75,86,1950,56.58,10.88,1026.21,-1.74,1.95
2015.3.26,103.23,173.04,21.75,64.75,1104.17,81.75,14.18,1024.13,-1.62,2.8
2015.3.27,101.58,157.04,26.29,58.46,1050,90.5,14.89,1016.18,0.69,2.59
2015.3.28,63.33,283.46,9.33,36.5,570.83,76.79,17.66,1008.81,-0.3,3.39
2015.3.29,79.42,305.08,17.67,85.38,1179.17,49.33,15.48,1010.16,0.98,1.81
2015.3.30,154.75,353.71,27.92,88.17,1658.33,63.96,16.7,1004.65,6.37,1.52
2015.3.31,135.49,163.83,17.42,65.15,2192.5,43.67,12.4,1010.01,7.75,1.86
2015.4.01,53.92,69.48,3.58,59.17,720.83,45.69,9.58,1016.03,-0.67,1.24
2015.4.02,34.38,35.43,2.08,29.04,745.83,72.29,9.1,999.08,2.81,2.64
2015.4.03,32.04,40.96,6.08,34.46,620.83,96.29,12.11,1007.53,1.24,2.25
2015.4.04,63.71,75,8.08,39.46,670.83,114.58,12.52,1008.19,1.62,2.27
2015.4.05,55.83,98.5,3.46,38.92,495.83,70.04,12.71,1013.86,-5,3.84
2015.4.06,22.04,33.38,2.21,16.88,245.83,80.17,7.47,1025.9,-12.25,2.69
2015.4.07,25.9,48.52,5.29,31.29,361.9,68.76,8.32,1026.3,-11.82,2.68
2015.4.08,99,138.08,14.71,59.79,895.83,48.33,9.3,1020.03,-2.14,2.45
2015.4.09,163.25,188.5,19.71,68.54,1212.5,58.42,11.2,1015.9,2.04,2.09
2015.4.10,162.77,177.99,11.93,78.87,1158.33,55.61,14.08,1014.98,3.7,1.82
2015.4.11,144.5,158.5,17.33,56.63,1908.33,70.48,14.02,1015.67,6.95,2.9
2015.4.12,12.42,37.45,2.17,15.17,266.67,76.21,7.79,1021.34,-2.97,4.47
2015.4.13,26.25,37.18,3.21,23.94,418.75,98.04,11.48,1020.47,-1.52,2.96
2015.4.14,57.79,99.25,5.83,75.5,750,56,16.38,1003.88,0.58,2.03
2015.4.15,119,190.2,16.47,125.4,1266.67,13.63,14.99,995.77,4.81,0.95
2015.4.16,31.62,106,6.23,28.92,346.15,94.08,18.76,1004.98,-8.8,5.46
2015.4.17,85.42,201.63,21.21,65.92,633.33,60.79,17.98,1004.44,-1.51,2.58
2015.4.18,145.42,296.08,26.96,110.21,1433.33,49.04,17.9,1006.48,7.99,1.23
2015.4.19,66.54,119.79,5.04,48.96,612.5,59.54,17,1010.09,0.19,2.55
2015.4.20,79.08,128.54,3,67.15,923.08,26.15,11.88,1012.25,3.11,1.05
2015.4.21,53.93,146.47,4.87,41.8,446.67,88.93,22.25,1006.11,-2.72,2.45
2015.4.22,51.5,134.13,8.33,61,650,69.21,18.65,1012.48,1.43,3.04
2015.4.23,54.19,123.71,12.76,64.14,657.14,46.81,18.99,1010.62,-0.69,1.68
2015.4.24,65.76,222.81,8.71,69.19,719.05,67.81,18.08,1016.64,1.93,2.25
2015.4.25,73.88,195.33,12.67,86.21,912.5,99.79,22.37,1010,4.45,2.51
2015.4.26,98.38,211,20.96,69.75,1120.83,128.08,24.43,1005.24,11.12,2.63
2015.4.27,82.42,149.48,10.33,54.92,937.5,108.23,22.12,1000.96,13.09,1.95
2015.4.28,44.17,72,4.33,46.5,695.83,95.46,20.4,1006.4,11.22,1.59
2015.4.29,119.79,157.58,11.17,62.42,1537.5,106.1,21.13,1008.67,13.13,1.88
2015.4.30,111.71,159.13,10.92,56.42,1050,126.75,23.62,1006.36,13.34,2.08
2015.5.01,132.46,152.13,12.08,63.79,1304.17,56.83,18.48,1005.32,12.99,2.32
2015.5.02,44.04,77.63,2.21,38.75,591.67,83.58,19.05,1005.85,12.02,1.85
2015.5.03,42.92,109,2.75,27.71,500,86.77,19.48,1009.46,-2.82,3.51
2015.5.04,21.96,86.96,5.17,26.29,333.33,98.88,18.51,1010.62,-6.29,3.62
2015.5.05,50.83,106.04,8.79,50.5,595.83,81,20.48,1000.97,0.1,2.17
2015.5.06,19.17,79.54,3.58,34.58,350,82.83,18.05,1007.21,-7.92,2.15
2015.5.07,41.13,142.29,7.79,43.83,616.67,89.71,18.54,1006.61,1.34,2.3
2015.5.08,46.21,106.13,10.46,48.46,925,78.25,17.95,1005.55,5.71,2.34
2015.5.09,43.38,53.17,9.5,42.25,975,50.6,13,1013.42,4.25,1.73
2015.5.10,38.38,50.38,6.92,61.92,1270.83,28.92,10.25,1011.39,6.2,1.58
2015.5.11,25.92,31.42,2.04,40.21,829.17,49.92,13.73,1003.04,4.88,2.34
2015.5.12,23.71,81.88,2.75,51.35,729.17,76.13,18.55,991,4.75,1.9
2015.5.13,67.08,156.42,6.15,81.96,827.08,85.04,21.49,990.35,8.53,1.38
2015.5.14,20.17,80.75,5.29,36.92,320.83,86.79,22.09,1002.68,1.61,2.92
2015.5.15,23.63,54.5,3.21,33.46,387.5,91.67,21.28,1010.01,3.53,2.63
2015.5.16,48.13,107.33,9.63,57.29,725,103.63,21.77,1005.21,6.01,2.58
2015.5.17,130.96,192.92,14.08,48.92,1158.33,121.67,22.78,994.76,15.55,1.75
2015.5.18,61.25,101.04,2.38,42.13,537.5,75.13,23.33,997.35,2.73,3.47
2015.5.19,14.27,60.71,2.46,17.04,158.33,85.92,22.5,1003.58,-4.94,3.95
2015.5.20,29.92,47.17,3.42,24.5,225,95.42,24.02,1010.66,1.47,3.4
2015.5.21,41.79,97.42,7.67,55.25,491.67,90.98,22.97,1007.45,5.73,3.42
2015.5.22,62.04,106.33,14.38,63.33,837.5,116.96,22.95,1005.08,8.33,1.93
2015.5.23,103.04,163.71,19.79,77.54,1066.67,142.79,23.95,1003.76,11.6,1.7
2015.5.24,122.58,186.42,15.5,76.42,1304.17,139.21,25.62,1002.1,12.5,2.35
2015.5.25,100.08,187.83,21.04,56.5,1145.83,164.33,27.5,1001.18,12.68,2.88
2015.5.26,83.29,166.96,16.46,42.17,862.5,172.08,28.21,1001.3,13.4,3.07
2015.5.27,99.29,154.67,9.13,37.75,862.5,177.92,26.8,1000.54,14.13,2.34
2015.5.28,112.71,146.29,19.42,41.83,1104.17,164.63,26.13,999.53,14.94,2.36
2015.5.29,66.04,111.63,4.67,56.83,925,96.52,25.03,1001.19,14.95,1.83
2015.5.30,61.67,107.79,6.58,49.04,808.33,115.13,24.31,1002.93,13.34,2.23
2015.5.31,56.88,114.38,13.83,53.88,879.17,129.13,26.35,996.82,13.72,2.63
2015.6.01,101.58,190.71,7.29,65.33,1095.83,143,28.11,996.17,17.95,1.84
2015.6.02,32.85,54.13,4.33,29.88,591.67,88.08,26.88,1003.84,4.14,2.97
2015.6.03,37.71,110.04,7.46,41.83,487.5,99.04,25.4,1008.42,6.36,2.45
2015.6.04,50.52,91.96,5.21,58.08,2964.58,72.63,21.42,1000.31,12.76,1.6
2015.6.05,45.75,74.92,3.79,52.35,3183.33,102.54,22.96,994.3,13.99,1.67
2015.6.06,25.17,46.88,2.58,32.92,2725,103.9,23.33,997.97,13.16,2.08
2015.6.07,11.96,32.04,2.63,37.63,2400,64.25,21.45,1004.12,9.52,1.65
2015.6.08,16.17,46.92,4.5,41.79,408.33,75.42,23.41,1000.55,8.98,1.99
2015.6.09,59.67,96.5,16.29,61.54,1154.17,105.04,23.85,997.42,13.61,2.34
2015.6.10,53.71,74.79,8.04,45.67,1116.67,83.1,20.96,995.7,17.2,1.67
2015.6.11,8.56,29.06,7.06,27.25,466.67,74.07,22.51,993.53,11.93,2.89
2015.6.12,4.91,16.18,8.27,20.82,272.73,100.27,26.41,993.65,10.16,3.71
2015.6.13,10.33,29.46,8.29,26.67,429.17,90.38,23.45,1000.15,14.38,2.38
2015.6.14,19.75,39.08,8.38,41.33,433.33,96.1,25.23,1003.92,14.54,1.49
2015.6.15,100.8,133,20,57.4,1560,135.2,25.88,1002.94,15.21,1.66
2015.6.16,111.92,152.29,13.79,67.21,1166.67,145.52,26.83,999.36,15.53,1.99
2015.6.17,43.67,60.46,2,52.46,716.67,122.29,25.66,998.47,17.21,1.55
2015.6.18,21.54,30.46,2.04,37.88,341.67,78.31,26.71,1001.8,8.98,1.92
2015.6.19,18.08,41.67,2.38,40.5,445.83,55.63,20.78,1005.63,13.57,1.73
2015.6.20,21.88,36.67,2,41.38,433.33,104.02,24.68,1007.32,13.63,1.55
2015.6.21,46.29,83.29,4.17,49.21,454.17,138.21,27.18,1003.83,13.56,1.85
2015.6.22,93.75,127.67,18.21,46.67,983.33,153.1,26.4,1001.54,15.3,1.79
2015.6.23,197.79,215.29,17.38,48,1625,162.21,26.83,1002.66,17.9,1.94
2015.6.24,117.69,131.31,11.27,54.94,927.08,82.6,25.28,1001.2,17.78,2.07
2015.6.25,122.38,139.54,7.38,74.79,891.67,64.33,24.48,997.41,18.13,1.43
2015.6.26,103.21,103.21,2,27.83,712.5,157.81,24.14,996.35,19.72,1.71
2015.6.27,90.75,93.21,4,38.54,616.67,111.46,24.9,1000.7,20.15,1.26
2015.6.28,153.54,153.54,10,39.25,958.33,130.06,27.15,1001.86,21.17,1.84
2015.6.29,105.71,106.82,5.59,49.47,976.47,55.41,21.75,1001.51,19.27,1.26
2015.6.30,13.08,21.79,2,36.29,562.5,65.75,22.14,998.74,14.56,2.63
2015.7.01,19.04,43.38,2.83,45.13,570.83,53.75,24.73,993.65,13.34,1.71
2015.7.02,8.21,18.13,4.42,36,308.33,62.88,26.74,997.94,9.33,2.02
2015.7.03,27.46,72.42,12.63,44.08,1020.83,104.29,25.15,1003.87,10.8,2
2015.7.04,32.08,63.92,7.63,59.13,708.33,66.77,22.29,1005.55,13.15,1.4
2015.7.05,65.79,78.25,13.92,46.58,1037.5,136.67,23.6,1005.73,15.02,1.63
2015.7.06,71.42,85.21,11.75,47,1108.33,146.9,25.39,1006.2,15.8,1.55
2015.7.07,70.42,91.58,8.13,46.19,833.33,143.17,26.67,1004.79,16.24,1.7
2015.7.08,127.96,144.92,8.79,50.88,1129.17,143.67,27.41,1005.98,18.14,1.9
2015.7.09,73.86,91.38,9.33,58.81,766.67,128.71,27.46,1008.03,15.6,1.8
2015.7.10,54.83,91.04,10.38,43,654.17,147.96,27.86,1006.4,17.42,2.28
2015.7.11,114.08,133.83,13.71,53.63,1125,163.58,28.77,1002.96,19.15,1.58
2015.7.12,115.79,169.83,8.46,72.88,1041.67,173.85,30.27,995.7,19.22,1.49
2015.7.13,50.71,80.83,5.25,64.79,633.33,191.17,32.35,993.58,15.73,1.8
2015.7.14,40.33,69.21,5.38,46.38,650,194.56,29.86,999.12,16.35,2.13
2015.7.15,38.08,69.17,4.21,71.83,729.17,103.88,27.53,1001.42,16.22,1.59
2015.7.16,41.63,49.71,2.04,45.92,804.17,119.79,23.37,1003.39,19.08,2.08
2015.7.17,37.67,45.63,2.58,50.79,862.5,81.96,22.8,1003.12,19.72,1.32
2015.7.18,51.88,56.46,2,44.83,820.83,120.52,23.13,1002.23,20.36,1.4
2015.7.19,76.79,78.79,2,50.42,950,107.79,23.29,1003.74,21.23,1.62
2015.7.20,94.33,94.63,2,57.96,1020.83,88.71,25.06,1003.28,21.98,1.4
2015.7.21,141.08,142.17,2.25,54.58,1229.17,107.54,25.65,1001.12,22.25,1.63
2015.7.22,65.83,70.08,3.17,57.63,837.5,113.19,25.4,999.98,20.53,1.35
2015.7.23,38.7,45,2.05,69.05,785,69.8,24.36,1000.1,21.27,0.88
2015.7.24,58.71,81.71,4.92,66.42,816.67,86.88,26.49,997.43,20.38,1.37
2015.7.25,91.88,115.75,6.83,55.67,891.67,121.96,28.03,996.49,21.13,1.72
2015.7.26,125.13,140.42,8.13,46.54,1045.83,150.5,29.85,998.73,22.53,1.32
2015.7.27,77.21,104,4.42,52.33,781.25,134.69,28.52,999.98,22.5,1.85
2015.7.28,55.33,59.92,2,42.75,687.5,123.38,26.44,998.86,22.81,1.08
2015.7.29,101.29,107.83,2,59.54,891.67,130.67,28.86,996.97,23.81,1.38
2015.7.30,49.71,53.63,2.08,45.08,875,97.63,24.27,1000.1,21.88,1.83
2015.7.31,29.08,35.96,2,40,508.33,105.04,25.54,1003.34,20.6,1.46
2015.8.01,108.6,115.2,2.5,102.7,1140,38.3,24.62,1002.82,22.36,0.9
2015.8.03,12.14,30.29,2.43,43.86,285.71,55.71,23.53,997.51,15.14,2.03
2015.8.04,19.08,54.96,4.38,46.42,295.83,92.25,26.64,996.97,16.83,1.59
2015.8.05,78.95,118.95,4.86,57.33,790.48,97.29,26.97,998.33,21.49,1.56
2015.8.06,59.92,86.54,2.54,49.21,779.17,110.79,25.53,1002.66,19.81,1.55
2015.8.07,95.29,103.29,3.63,48.25,1295.83,89.29,25.2,1007.87,21.83,1.61
2015.8.08,42.21,58.21,2.25,53.21,929.17,95.92,24.8,1008.68,19.53,1.02
2015.8.09,55.08,83.46,3.42,59.25,1025,113.71,27.81,1006.29,20.88,1.07
2015.8.10,45.46,77.13,3.04,55.5,962.5,101.13,28.94,1005.3,19.95,1.48
2015.8.11,100.67,141.17,7.96,45.04,1645.83,142,29.18,1004.34,21.57,1.48
2015.8.12,82.58,135.75,7.33,42.58,1212.5,145.29,30.07,1001.91,20.92,2.14
2015.8.13,123.79,180.21,10.54,52.71,1558.33,151.38,29.44,999.47,21.44,2.05
2015.8.14,60.67,76.17,7.81,34.54,875,89.67,28.53,998.86,17.04,2.01
2015.8.15,25.83,55.04,6.17,49.63,595.83,85.91,28.54,1000.81,14.65,1.73
2015.8.16,37.33,91.96,9.33,53,775,143.33,28.8,1001.09,17.32,1.89
2015.8.17,78.17,167.71,10.71,46.33,1091.67,138.83,29.18,1001.63,18.88,1.62
2015.8.18,46.17,86.46,4,46.5,804.17,107.63,26.31,1005.98,17.5,1.86
2015.8.19,56.08,69.75,2.08,46.79,820.83,94.08,24.86,1006.87,18.89,1.55
2015.8.20,32.63,47.88,2,29.08,637.5,115.46,26.34,1003.87,16.22,1.64
2015.8.21,13.92,32.88,2.96,28.04,458.33,111,27.88,1001.38,13.19,1.59
2015.8.22,17.67,36.46,4.08,28.13,741.67,75.04,26.75,1001.27,16.11,2.18
2015.8.23,21.96,32.54,4.58,29.04,883.33,76.58,23.28,1005.23,17.68,1.72
2015.8.24,13,21.58,2,27.46,562.5,68.5,24.67,1006.95,16.9,1.66
2015.8.25,14.5,28.29,2,33,591.67,62.13,25.58,1006.07,16.5,1.58
2015.8.26,11.83,21.83,2,33.79,525,66.92,25.9,1005.15,16.7,1.34
2015.8.27,11.54,22.5,2,35.63,545.83,73,26.06,1005.14,16.22,1.33
2015.8.28,15.29,31.88,2.17,32.88,562.5,79.42,26.32,1003.42,15.71,1.66
2015.8.29,29.21,52.29,2.04,30,683.33,128.58,25.69,1004.76,15.72,2.03
2015.8.30,29.67,36.42,2,32.58,1137.5,72.25,21.73,1007.51,17.7,1.54
2015.8.31,28.58,30.92,2,27.63,879.17,68.08,20.89,1008.72,18.6,1.14
2015.9.01,10.38,13.29,2,23.13,591.67,53.25,20.74,1008.78,17.73,1.66
2015.9.02,9.63,16,2,25.13,454.17,54.9,24.79,1008.85,16.65,1.53
2015.9.03,14.17,28.63,2,23.42,491.67,80.71,25.8,1009.73,17.23,1.51
2015.9.04,53.08,58.79,3,33.42,1983.33,70.48,21.31,1008.57,19.2,1.9
2015.9.05,19.75,20.08,2,28.71,733.33,82.29,17.98,1006.82,16.33,2.03
2015.9.06,16.67,28.96,2,38.83,550,75.04,22.49,1008.98,14.53,1.46
2015.9.07,23.79,45.79,2.21,49.63,666.67,76.67,22.99,1009.13,15.06,1.43
2015.9.08,54,97.58,6.08,70.29,954.17,96.94,22.07,1010.8,15.05,1.23
2015.9.09,39.04,60.25,2.21,65.88,808.33,50.58,21.72,1015.16,15.33,1.71
2015.9.10,9.25,13.25,2.25,41.5,458.33,30.48,16.95,1017.5,12.36,1.78
2015.9.11,9.46,15.71,2.54,41.13,416.67,46.33,17.4,1012.1,10.92,1.85
2015.9.12,8.33,17.83,2.98,40.96,387.5,48.98,20.3,1012.75,5.72,3.49
2015.9.13,25.04,63.17,4.25,60.33,650,53.46,22.1,1011.89,9.9,1.71
2015.9.14,68.42,118.33,10.08,84.71,1029.17,73.54,20.59,1014.15,12.78,1.37
2015.9.15,114.58,140.33,14.33,93,1429.17,100.92,19.68,1015.53,13.32,1.13
2015.9.16,131,169.3,11.2,92.4,1422.5,111.37,20.79,1013.83,14.3,1.15
2015.9.17,152.2,176.95,14.55,85.7,1665,112.9,22.17,1012.74,16.31,1.31
2015.9.18,88.71,102.08,3.71,72.13,1150,72.38,23.27,1012.35,16,1.39
2015.9.19,21.96,48.04,3.08,71,637.5,57.5,22.15,1012.82,10.48,1.45
2015.9.20,82.88,116.96,10.38,68,1250,85.56,22.59,1009.02,15.4,1.85
2015.9.21,103.13,153.08,19.38,96.58,1566.67,88.58,22.26,1007.26,13.77,1.53
2015.9.22,146,152.21,15.54,79.25,1870.83,66.92,20.72,1005.59,16.28,2.04
2015.9.23,30.54,44.92,2,52.79,783.33,63.67,20.55,1005.34,14.58,1.53
2015.9.24,110.25,134.42,5.63,75.71,1466.67,56.02,20.12,1005.44,16.5,1.51
2015.9.25,20.58,31.83,3.13,50.17,666.67,49.46,19.04,1007.01,7.24,1.79
2015.9.26,31.17,68.58,7.17,57.67,725,69.04,19.3,1009.2,8.37,1.74
2015.9.27,56.96,96.21,4.13,86.33,1112.5,50.88,21.15,1010.24,11.03,1.2
2015.9.28,51.4,55.77,6.04,67.04,1579.17,40.75,17.48,1018.73,14.32,1.33
2015.9.29,49.5,49.5,4.75,60.4,1337.5,10.67,15.04,1024.78,13.43,1.14
2015.9.30,27.42,30.13,4.17,50.17,804.17,26.58,15.83,1015.27,12.95,1.38
2015.10.01,12.75,25.17,3.79,29.67,412.5,51.5,16.98,1008.31,3.32,4.62
2015.10.02,24.83,67.04,2.63,63.25,670.83,43.58,18.25,1006.85,7.12,1.78
2015.10.03,26.88,70.75,3.67,64.5,725,48.96,18.78,1015.64,8.09,1.78
2015.10.04,116.5,162.46,8.67,105.79,1591.67,49.17,17.32,1018.28,12.15,0.92
2015.10.05,217,222.96,7.71,114.46,2262.5,79.46,17.63,1014.42,13.89,0.99
2015.10.06,312.96,315.25,9.96,133.5,2558.33,94.67,18.86,1012.43,15.07,1.01
2015.10.07,289.42,289.42,9.67,85.96,2358.33,56.75,20.34,1010.29,13.58,1.45
2015.10.08,9.63,20.79,2.25,14.92,291.67,46.23,16.54,1015.23,-5.5,3.5
2015.10.09,19.67,49.42,2.46,29,425,39.63,13.49,1007.53,-1.57,2.99
2015.10.10,6.08,14.67,2.42,10.71,270.83,51.56,12.53,1012.53,-5.15,4.22
2015.10.11,8.38,20.08,2.42,20.13,375,69.5,17.7,1013.3,-1.28,3.5
2015.10.12,14.54,34.83,4.42,58.88,487.5,42.21,18.8,1016.59,-0.17,2.13
2015.10.13,36.71,75.83,6.92,94.54,1033.33,30.38,16.83,1015.75,4.6,1.06
2015.10.14,107,148.71,17.58,127.38,2512.5,26,15.58,1013.45,8.92,1.07
2015.10.15,121.21,143.88,10.42,128.5,1983.33,56.33,16.54,1012.93,9.21,1.02
2015.10.16,213.92,225.92,15.79,156.13,2516.67,63.25,16.05,1013.63,11.45,0.9
2015.10.17,314.71,314.71,17.83,170.88,3166.67,43.33,15.5,1013.2,11.86,0.83
2015.10.18,71.46,84.92,8.25,68.17,1100,34.56,15.61,1020.08,4.98,2.23
2015.10.19,60.33,104.58,7.21,69.96,1025,31.75,13.91,1012.82,7.06,1.13
2015.10.20,80.29,107,10.92,86.04,1704.17,7,11.91,1013.92,7.28,1.33
2015.10.21,47.33,49.21,3.63,51.71,1091.67,16.96,10.23,1019.7,8.77,1.23
2015.10.22,31.46,34.17,2.21,61,970.83,14.27,9.89,1020.35,6.89,0.91
2015.10.23,54.96,58.79,2.17,75.29,1183.33,18.42,13.25,1014.26,9.05,1.15
2015.10.24,58.21,72.29,3.29,67.38,1329.17,26.85,13.85,1020.5,6.26,1.67
2015.10.25,30.63,61.46,4.58,74.79,895.83,17.63,11.3,1023.41,0.74,1.48
2015.10.26,32.88,50.46,2.25,36.42,570.83,42.06,10.93,1014.3,2.14,2.5
2015.10.27,16.38,40.83,3.71,46.21,700,36.5,11.41,1012.48,-4.6,1.92
2015.10.28,7.17,13.29,4.79,32.13,400,50.9,10.58,1018.65,-7.15,2.62
2015.10.29,6.83,17.5,3.79,26.63,408.33,52.71,8.73,1023.08,-10.68,2.79
2015.10.30,22.46,52.5,5.63,60.96,650,22.65,7.21,1026.74,-4.69,1.43
2015.10.31,39.75,70.04,6.38,70.46,970.83,21.71,7.4,1026.85,-2.88,1.16
2015.11.01,74.68,104.95,8.55,97.61,1242.11,20.66,10.99,1018.96,-0.76,1.73
2015.11.02,89.88,126.96,9,104.21,1958.33,17.17,9.7,1017.15,0.26,1.01
2015.11.03,156.67,188.08,16.92,116.88,2450,26.63,9.32,1018.48,4.08,1.18
2015.11.04,209,240.46,15.33,150.21,2816.67,5.83,9.73,1019,4.99,0.85
2015.11.05,121.25,121.25,12.83,74.58,1241.67,17,7.85,1025.16,4.36,2.13
2015.11.06,20.17,20.17,5.79,36.13,658.33,35.21,1.59,1026.75,-0.81,2.51
2015.11.07,15.75,16.13,3.33,32.04,550,45.23,2.19,1023.8,-1.38,2.28
2015.11.08,55.33,56.42,4.92,57.96,975,28.5,3.8,1021.43,-0.27,1.16
2015.11.09,142.63,145.67,3.25,75.67,2254.17,5.19,4.41,1023.37,2.39,1.15
2015.11.10,141.14,142,3.95,72.48,2133.33,4.52,5.38,1025.17,3.38,1.21
2015.11.11,118.25,118.92,4.67,69.46,2370.83,5.73,5.8,1026.84,3.84,1.16
2015.11.12,167.58,168.33,5.79,72.38,3229.17,4.04,6.41,1025.85,4.98,1
2015.11.13,228.04,228.04,14.5,83.71,3895.83,4.56,6.85,1018.43,4.5,1.06
2015.11.14,281.96,281.96,16.46,97.13,4450,7.92,8.37,1012.35,5.58,1.24
2015.11.15,207.88,215.79,14.29,89.04,4187.5,19.27,8.59,1016.49,5.07,1.36
2015.11.16,57,60.17,11.96,64.5,1670.83,10.88,7.03,1016.86,2.37,1.48
2015.11.17,59.08,78,9.92,60.29,1595.83,11.58,5.27,1022.13,-0.34,1.6
2015.11.18,65.21,77.08,10.33,59.25,1304.17,8.21,3.73,1023.23,-0.66,2
2015.11.19,81.33,82.33,4.96,54.38,1854.17,3.44,3.32,1021.73,2.47,1.95
2015.11.20,65.92,65.92,12.71,53.96,2887.5,4.08,0.53,1023.61,-0.28,1.5
2015.11.21,42.17,42.17,6.44,55.25,2481.25,3.88,0.47,1027.8,-0.09,1.19
2015.11.22,51.08,51.08,5.33,54.71,1291.67,17.08,-2.23,1031.96,-3.74,1.42
2015.11.23,28.83,29,11.71,37.29,829.17,41.58,-3.2,1034.3,-9.3,1.87
2015.11.24,26.75,29.38,6.46,54.54,1041.67,29.67,-5.89,1035.07,-12.73,1.59
2015.11.25,55.96,60.29,15.71,51.67,1362.5,30.88,-6.42,1027.6,-13.66,3.15
2015.11.26,30.33,38.13,15.02,39.44,931.25,46.25,-6.51,1028.13,-17.9,3.07
2015.11.27,194.88,202.58,20.04,119.5,3437.5,12.4,-4.87,1022.03,-9.9,1.35
2015.11.28,279.71,280.17,18.96,131.67,4758.33,10,-2.25,1024.9,-6.11,1.25
2015.11.29,251.83,257.88,15.83,136.38,6233.33,15.1,-0.37,1022.44,-3.4,1.06
2015.11.30,223.87,243.4,7.17,127.9,5546.67,9.4,-2.81,1022.3,-3.68,1.18
2015.12.01,448.64,449.73,30.55,168.27,8877.27,10.73,0.15,1015.48,-0.72,1.41
2015.12.02,6.14,6.52,4.76,18.24,452.38,55.33,1.77,1016.4,-13.28,5.27
2015.12.03,8.96,12,14.29,16.96,462.5,50.42,-0.72,1019.78,-14.74,5.88
2015.12.04,24.79,34.17,6.63,44.38,1000,40.42,1.33,1022.54,-12.35,2.3
2015.12.05,50.17,69.5,15.42,77.67,1495.83,24.73,2.23,1025.02,-8.5,1.39
2015.12.06,138.04,163.04,32.46,105.67,3547.83,12.42,0.29,1025.89,-4.36,1.09
2015.12.07,184.92,201.08,38.33,111.71,4237.5,11.25,0.98,1028.43,-2.37,1.16
2015.12.08,268.33,270.04,2.83,109.25,5595.83,11.04,0.32,1026.38,-0.31,1.12
2015.12.09,254.88,254.88,33.08,116.33,4375,8.23,2.46,1021.26,1.58,1.08
2015.12.10,115.83,115.83,20,71.63,2525,32.21,3.67,1021.61,-5.46,1.98
2015.12.11,43.42,49.63,16.88,74,1312.5,22.73,1.45,1024.85,-8.5,1.4
2015.12.12,104.08,121.33,27.88,96.25,2737.5,13.33,0.31,1022.06,-5.4,1.07
2015.12.13,164.54,186.29,42.21,113.08,4254.17,13.06,0.14,1022.93,-4.33,1.02
2015.12.14,141.13,141.96,13.46,83.13,3137.5,33.92,2.42,1019.41,-3.98,2.9
2015.12.15,6,11.63,5.58,15.79,400,60.56,1.13,1022.17,-13.88,4.94
2015.12.16,6.5,12.21,7.35,17.33,500,42.42,-1.7,1027.26,-16.06,4.13
2015.12.17,48.1,53.57,12.81,66.43,1414.29,19.71,-2.62,1028.65,-14.1,1.3
2015.12.18,71.38,86.29,20.71,86.08,2362.5,24.88,-0.54,1029.51,-10.03,1.39
2015.12.19,140.75,160.96,35.79,103.29,4016.67,15.79,-2.02,1031.03,-5.94,1
2015.12.20,196.83,200.17,39.67,124.92,4650,11.79,-1.95,1022.43,-4.29,1.04
2015.12.21,245.58,249.13,29.17,123.42,5462.5,12.25,-1.64,1023.04,-4.72,0.86
2015.12.22,322.54,329.5,43.69,124.04,6777.08,10.92,-2.5,1023.86,-3.72,1.15
2015.12.23,235.48,248.65,26.75,114.33,5633.33,18.29,-0.37,1022.39,-4.58,1.06
2015.12.24,77.5,83.83,17.94,74.29,1775,33.35,1.2,1022.95,-8.56,1.57
2015.12.25,502.22,554.11,13.78,179.89,9161.11,10.67,-3.17,1013.59,-3.73,1.17
2015.12.26,245.65,282.25,11.7,110.8,5680,8.8,-2.89,1022.5,-5.31,1.74
2015.12.27,44.17,49.92,19.21,65.71,1491.67,15.85,-5.42,1034.36,-12.06,1.35
2015.12.28,125.46,140.21,41.13,91.38,3412.5,8.13,-3.45,1030.97,-10.55,1.28
2015.12.29,287.46,320.29,56.63,122.33,5600,12.67,-2.1,1024.78,-6.02,0.94
2015.12.30,98.33,104.42,25.58,59.79,2250,36.63,1.03,1026.39,-8.85,2.55
2015.12.31,55.94,82.5,21,82.33,1854.17,16.83,-1.28,1028.48,-9.8,1.15
2016.1.01,164.96,194.67,45.67,122.63,3929.17,10.67,-1.95,1019.73,-7.3,0.99
2016.1.02,272.79,289.17,49.54,143.88,5612.5,14.31,-0.9,1016,-5.5,0.89
2016.1.03,263.38,269.13,21.88,106.17,4295.83,13.83,-1.39,1018.84,-4.28,1.03
2016.1.04,45.46,46.96,8.08,40.88,1158.33,47.42,-1.06,1025.66,-14.13,2.54
2016.1.05,31.17,42.04,7.79,46.67,1016.67,35.17,-3.15,1026.1,-18.34,2.29
2016.1.06,23.88,37.63,11.5,43.92,954.17,36.31,-2.77,1026.89,-16.57,2.5
2016.1.07,11.92,23.17,7.67,28.04,554.17,48.21,-3.1,1027.65,-17.6,3.37
2016.1.08,30.96,46.29,14.5,45.29,925,40.08,-2.98,1023.71,-16.6,2.05
2016.1.09,68,83.67,25.71,85.71,1845.83,15.75,-3,1021.03,-14.14,1
2016.1.10,43.67,58.54,18.75,66.92,1566.67,24.81,-3.28,1026.36,-15.5,1.41
2016.1.11,11.6,26.52,2.25,26.04,691.67,53.52,-5.94,1032.1,-21.69,2.89
2016.1.12,12.83,26.5,8.79,30.08,662.5,48.21,-5.71,1028.37,-22.91,2.74
2016.1.13,19.58,44.08,14.5,53.46,862.5,35.96,-2.82,1020.29,-23.39,2.1
2016.1.14,60.54,87.54,25.13,84.33,1729.17,27.35,-2.02,1016.45,-18.38,1.23
2016.1.15,88.71,121.75,34.83,98.96,2420.83,14.79,-2.35,1014.03,-14.87,1.16
2016.1.16,121.92,142.58,49.79,83.92,2866.67,10.15,-2.75,1018.65,-10.63,1.38
2016.1.17,42.58,50.79,8.17,34.63,1100,49.67,-5.95,1022.45,-17.8,2.78
2016.1.18,8.83,49.42,2.67,17.83,541.67,45.83,-9.19,1023.54,-25.89,3.65
2016.1.19,54.17,77.46,20.42,72.25,1595.83,17.17,-8.37,1027.06,-21.55,1.41
2016.1.20,126.5,149.63,68.21,92.88,4100,11.77,-7.01,1030.69,-16.02,1.47
2016.1.21,137.38,140.58,35.92,78.83,3350,11,-5.93,1029.75,-9.38,1.41
2016.1.22,17.75,31.13,5.25,19.63,800,58.25,-10.24,1038.58,-27.42,3.95
2016.1.24,12.46,55,7.46,25.21,812.5,52.17,-9.6,1035.33,-27.39,3.64
2016.1.25,20.17,38.92,21.17,16.88,966.67,47.79,-2.36,1026.17,-23.7,2.42
2016.1.26,33.14,59.86,17.19,9.67,1023.81,46.21,-1.99,1023.89,-21.95,2.65
2016.1.27,75.73,85.09,31.59,35.73,2300,10.82,-6.63,1024.11,-18.21,1.02
2016.1.28,99,108.5,40,76.58,2150,30.25,-0.32,1026.24,-16.53,1.28
2016.1.29,61.33,94.25,42.67,57.13,2162.5,20.5,-4.7,1031.13,-17.08,1.57
2016.1.30,52.83,66.08,25.96,54.63,1600,26.33,-5.53,1031.6,-19.75,1.72
2016.1.31,11.17,23.67,8.33,20.75,550,57.88,-3.63,1033.13,-22.65,2.84
2016.2.01,13.67,26.42,10.92,29.29,683.33,53.42,-1.46,1031.56,-19.23,2.36
2016.2.02,24.75,30.92,16.83,47.33,933.33,44.75,-1.26,1026.74,-18.67,1.51
2016.2.03,33.96,40.75,23.25,56.04,1129.17,35.52,-0.65,1023.95,-17.65,1.14
2016.2.04,12,21.42,15,18.29,504.17,68.83,0.8,1026.55,-19.11,2.28
2016.2.05,12.46,35.54,8.38,13.5,441.67,70.96,-0.11,1026.73,-18.74,3.51
2016.2.06,18.21,28.83,9.13,27.13,675,58.33,0.2,1025.05,-17.45,1.81
2016.2.07,36.88,65.17,20.79,36.67,1062.5,52.69,0.95,1016,-16.45,1.9
2016.2.08,220.75,272.35,72.92,41.13,1270.83,47.71,4.5,1010.89,-14.31,2.49
2016.2.09,38.75,47.92,21.21,39.83,1054.17,53.35,3.81,1017.25,-12.64,1.51
2016.2.10,102.13,110.46,63.46,72.17,3100,24.42,1.61,1014.08,-11.14,1.12
2016.2.12,155.13,156.13,23.21,48.29,2558.33,30.13,5.22,1012,0.52,1.27
2016.2.13,9.75,12.13,6.08,8.79,404.17,61.88,0.63,1021.27,-12.28,4.8
2016.2.14,6.5,13.5,2,6.83,358.33,67.67,-4.29,1027.7,-21.75,4.66
2016.2.15,6.83,55.83,8.13,10.33,325,68.1,-0.4,1022,-18.27,4.13
2016.2.16,6.42,43.13,19.63,13.5,291.67,71.21,4.17,1018.65,-14.71,3.9
2016.2.17,46.96,55.04,13.5,49,1120.83,38.58,3.73,1017.93,-10.63,1.68
2016.2.18,16.92,33.38,3.38,23.13,508.33,67.33,5.75,1016.38,-16.43,3.98
2016.2.19,15.63,28.79,3.4,24.17,516.67,59.58,2.72,1024.35,-16.46,2.56
2016.2.20,13.44,19.19,6.4,19.1,418.75,65.9,-0.1,1026.27,-21.02,2.95
2016.2.21,78.08,104.38,28.92,56.42,1541.67,30.29,-0.3,1022.3,-12.16,1.75
2016.2.22,81.33,96.46,19.04,42.79,1475,42.67,1.82,1023.45,-12.87,3.17
2016.2.23,13.46,19.96,7.46,15.54,404.17,67.08,-0.22,1033.99,-20.2,2.8
2016.2.24,25.79,44.96,11.54,36.17,841.67,47.08,-0.03,1030.83,-18.26,2.14
2016.2.25,22.58,45.67,9.38,36.5,741.67,46.83,2.5,1028.32,-17.25,2.23
2016.2.26,33.63,60.54,12.67,33.17,729.17,54.88,3.33,1021.71,-16.22,2.38
2016.2.27,20.54,30.29,8.75,27.17,579.17,56.75,4.11,1020.5,-10.94,1.75
2016.2.28,35.54,56.67,8.63,31.04,904.17,45.25,0.81,1026.02,-14.35,3.01
2016.2.29,32.67,47.13,12.29,36.58,716.67,49.1,-1.01,1029.2,-17.45,1.54
2016.3.01,125.17,138.88,35.17,75.63,2237.5,25.79,3.35,1019.68,-10.67,1.48
2016.3.02,169.96,183.17,42.71,96.25,2962.5,27.06,7.83,1012.1,-6.92,1.15
2016.3.03,303.17,312.33,58.83,100.63,4220.83,20.08,7.78,1008.53,-0.81,1.17
2016.3.04,348.92,361.54,65.92,100.08,5429.17,8.19,6.08,1013.57,0.22,1.27
2016.3.05,70.38,351.21,4.46,18.5,420.83,66.17,8.92,1015.68,-14.4,3.37
2016.3.06,75.25,197.38,31.46,61.25,1562.5,20.88,4.99,1013.31,-9.24,1.19
2016.3.07,50,100.71,14.83,30.42,991.67,53.33,5.83,1017.68,-15.23,3.48
2016.3.08,15.13,24.92,3.67,11.71,308.33,68.75,1.8,1026.53,-23.4,3.11
2016.3.09,35.13,39.27,4.73,10.47,333.33,64.27,0.03,1030.14,-22.57,3.34
2016.3.10,14.46,72.92,5,13.62,361.54,79.38,4.98,1024.43,-19.61,3.91
2016.3.11,25.81,59.27,10.21,33.38,625,58.42,2.97,1020.13,-17.48,1.9
2016.3.12,112.58,154.67,47.58,69.25,2133.33,25.35,3.6,1013.93,-10.03,1.26
2016.3.13,27.75,50.92,11,26.58,654.17,71.17,7.37,1019.89,-15.49,3.33
2016.3.14,79.71,132.29,21.73,49.1,1243.75,44.73,8.46,1018.33,-11,1.9
2016.3.15,149.54,229.77,53.02,57.96,1470.83,31.31,9.35,1013.24,-6.18,1.75
2016.3.16,259.02,298.13,41.08,62.54,2539.58,58.5,9.38,1012.01,-0.44,1.4
2016.3.17,293.88,298.21,29.08,74.04,2533.33,48.58,10.69,1007.79,1.7,1.13
2016.3.18,213.08,216.67,13.46,57.25,1779.17,59.13,13.6,1007.85,-3.1,1.81
2016.3.19,70.79,142.92,16.04,32.79,1158.33,64.75,11.33,1017.97,-4.03,1.92
2016.3.20,64.08,126.79,7.42,47.92,1070.83,48.42,11.58,1021.47,-5,1.48
2016.3.21,129.92,235.33,18.67,62.83,1364.58,56.88,11.92,1017.9,-2.37,1.59
2016.3.22,118.33,253.63,26.25,68,1725,32.65,12.45,1017.83,-1.17,1.94
2016.3.23,20.56,43.54,3.83,25.54,491.67,66,9.28,1027.12,-11.68,2.25
2016.3.24,13.88,28.75,2.67,32.88,400,60.08,8.83,1027.59,-13.8,1.72
2016.3.25,16.29,31.83,2.04,34,441.67,62.42,9.06,1024.25,-11.27,1.58
2016.3.26,10.75,28.79,9.54,26.08,400,70.04,13.75,1020.11,-10.26,2.55
2016.3.27,13.08,40.58,10.88,33.88,437.5,67.04,16.74,1014.32,-12.46,2.42
2016.3.28,76.75,229.58,22.38,62.5,854.17,39.54,16.15,1007.25,-5.35,2.04
2016.3.29,17.88,80.25,11.08,24.67,350,75.13,16.64,1011.54,-5.07,2.41
2016.3.30,27.46,75.17,14.96,36.63,525,64,16.01,1012.17,-6.68,2.14
2016.3.31,152.54,263.46,51.29,61.92,1579.17,59.21,15.52,1003.24,4.17,1.92
2016.4.01,34.92,127.75,13.46,21.75,387.5,67.98,17.67,1004.18,0.97,3.38
2016.4.02,6.67,22.92,9.5,15.04,200,76.08,15.06,1015.93,-8.25,2.9
2016.4.03,15.29,48.67,2.75,18.38,262.5,79.92,14.63,1017.08,-11.18,2.27
2016.4.04,68.88,120.29,9.75,36.71,587.5,72.54,15.48,1008.22,0.82,2.41
2016.4.05,113.25,155.21,19.29,42.29,958.33,80.4,15.4,1008.03,3.45,2.73
2016.4.06,146.08,172.92,35.58,52.58,2062.5,63.13,14.45,1005.26,3.47,1.35
2016.4.07,87.96,139.67,3.29,39.25,1054.17,58.46,17.68,1007.1,-2.8,2.72
2016.4.08,24.33,93.21,5.46,28.75,295.83,76.04,18.31,1009.55,-12.09,3.51
2016.4.09,89.75,172.11,15.89,60.29,764.29,25.86,16.25,1004.93,0.76,1.68
2016.4.10,78.33,235.83,17.17,32.5,733.33,83.5,12.9,1016.22,-7.53,2.98
2016.4.11,43.94,122.9,10.83,37.23,495.83,62.9,10.18,1013.95,-4.47,2.41
2016.4.12,77.13,100.08,7.54,47.88,566.67,39.38,11.59,1003.65,4.52,1.54
2016.4.13,102.08,146.63,5.96,47.38,841.67,60.77,16.81,1000.28,1.96,1.98
2016.4.14,24.67,101.83,3.25,23.96,333.33,91.92,17.83,1010.33,-4.38,2.56
2016.4.15,61.88,116.96,20.79,50.29,1133.33,51.61,15.76,1007.94,1.93,1.77
2016.4.16,26.17,77.21,3.67,15.71,279.17,64.96,15.45,1005.49,0.41,3.62
2016.4.17,12,35,2.17,10.08,237.5,89.63,15.74,1006.83,-8.28,3.92
2016.4.18,14.13,31.33,2.96,16.88,283.33,82.46,15.1,1008.96,-5.71,2.71
2016.4.19,70.04,96.04,19.38,49.17,1291.67,32.79,13.12,1012.36,2.05,2.04
2016.4.20,68.1,93.19,8.46,32.98,737.5,75.92,18.28,1008.03,2.59,2.08
2016.4.21,107.08,173.25,7.38,50.92,937.5,69.46,20.27,999.23,1.13,1.99
2016.4.22,36.54,98.04,2,18.67,233.33,93.08,19.78,1004.78,-11.49,2.97
2016.4.23,23.46,46.5,3.17,29.21,262.5,70.27,16.57,1010.12,-9.42,2.05
2016.4.24,85.54,128.42,22.38,41.46,875,75.75,17.35,1006.6,3.1,2.23
2016.4.25,84.58,122.21,14.21,25.42,725,109.58,21.41,1007.63,9.48,2.85
2016.4.26,69.58,101.33,29,36.75,1454.17,97.21,17.47,1011.94,3.6,2.18
2016.4.27,88.48,93.15,11.71,48.54,1156.25,72.04,15.18,1010.13,7.6,1.23
2016.4.28,91.38,105.63,7.46,44.42,983.33,91.17,18.27,1009.82,7.51,2.12
2016.4.29,121.21,130.33,18.33,48.46,1354.17,96.6,18.15,1003.69,8.25,1.76
2016.4.30,163.5,173.29,10.13,49.33,1370.83,124.13,21.82,998.17,12.92,2.15
2016.5.01,191.67,191.67,26.17,31.29,2175,150.54,22.77,996.44,14.4,1.43
2016.5.02,46.79,83.25,2.83,15.42,325,70.54,15.38,1004.01,8.08,2.79
2016.5.03,20.38,56.21,2.13,28.42,320.83,63.67,18.97,997.38,-2.69,3.06
2016.5.04,24.33,54.29,4.5,56.42,595.83,58.54,20.53,1001.05,-0.84,1.53
2016.5.05,48.71,88.58,14.83,41.04,945.83,80.71,20.34,1001.2,4,2.16
2016.5.06,64.75,155.83,2,13.13,183.33,88.13,20.4,1007.42,-5.28,3.53
2016.5.07,20,36.23,3.04,27.33,250,84.5,21.82,1013.03,-6.4,2.22
2016.5.08,62.38,83.42,15.63,33.79,762.5,84.38,20.31,1008.44,5.72,2.45
2016.5.09,40.21,54.33,4.88,27.29,533.33,57.52,18.08,1007.83,9.59,1.64
2016.5.10,47.04,63.58,4.79,30.04,591.67,90.33,21.26,1005.03,8.32,1.99
2016.5.11,147.67,152.13,14.38,24.13,1087.5,137.4,23.07,997.19,14.11,2.5
2016.5.12,36,53,2.54,21.67,437.5,69.71,17.64,1005.79,5.28,2.56
2016.5.13,33.92,48.13,5.75,35.5,520.83,65.13,17.55,1015.98,3.01,2.31
2016.5.14,39.67,46.54,2.63,26.25,533.33,71,14.1,1012.71,9.81,1.75
2016.5.15,40.29,50.17,2.63,31.04,545.83,44.42,17.58,1009.01,2.44,1.5
2016.5.16,26.5,46.25,3.96,39.5,491.67,64.67,22.51,1003.8,2.13,2.67
2016.5.17,62.54,83.88,11.29,41.04,658.33,123,24.68,1004.48,8.64,2.26
2016.5.18,57.21,71.21,9.33,22.08,579.17,142.42,25.2,1007.96,11.4,2.69
2016.5.19,81.48,91.67,15.14,28.1,828.57,171.71,24.37,1009.59,9.47,1.87
2016.5.20,88.96,94.46,23.25,36.75,1191.67,150.71,22.9,1011.5,9.63,1.88
2016.5.21,72.88,76.08,19.5,39.5,854.17,132.02,22.63,1014.47,8.25,1.67
2016.5.22,48.38,66.96,8.38,46.04,650,119.25,23.55,1013.11,7.08,1.54
2016.5.23,58.58,69.04,16.63,33.67,904.17,102.71,21.25,1005.8,9.55,2.03
2016.5.24,19.75,29.08,4.38,23.21,345.83,86.96,21.55,999.17,6.5,2.43
2016.5.25,10.92,22.96,3.75,18.71,279.17,99.54,22.57,1001.83,5.71,2.18
2016.5.26,22.71,54.71,4,23.46,308.33,91.83,24.7,1005.03,3.78,2.23
2016.5.27,44.75,87.67,14.25,36.63,591.67,108.13,24.46,1005.29,7.16,2.65
2016.5.28,40.92,68.08,12.08,28.63,625,124.88,24.83,1001.53,8.47,2.64
2016.5.29,32.63,63.73,6.79,28.56,458.33,108.71,25.11,1002.35,4.33,2.38
2016.5.30,77.17,122.29,20,38.13,1108.33,151.25,26.32,998.78,12.78,1.54
2016.5.31,43.42,93.54,11.04,29.21,783.33,84.5,25.02,1004.5,7.89,2.21
2016.6.01,29.21,53.58,6.08,35.25,616.67,96.46,24.46,1008.05,6.48,1.5
2016.6.02,44.71,71.5,10.13,39.08,733.33,125.44,25.97,1005.13,6.57,1.9
2016.6.03,81.04,105.42,25.25,46.79,1329.17,130,24.98,1001.95,10.45,1.59
2016.6.04,80.79,94.54,17.46,23.83,895.83,169.78,26.88,1001.94,12.01,2
2016.6.05,70.29,83.54,14.96,28.38,895.83,135.42,24.65,1005.48,14.12,1.96
2016.6.06,88.08,109.92,8.25,26.33,887.5,142.04,24.47,1005.32,15.86,1.69
2016.6.07,57.54,70.96,2.33,18.63,833.33,120.13,22.17,1007.21,16.33,1.79
2016.6.08,123.04,123.17,3.17,25.13,1187.5,143.6,24.74,1004.04,17.89,1.72
2016.6.09,109.04,124.33,7.67,26.83,1037.5,140.83,26.96,1001.13,15,2.59
2016.6.10,52.38,52.71,2.67,16.29,566.67,132.56,24.42,999.25,16.55,1.81
2016.6.11,9.96,21.83,2.5,22.46,295.83,80.54,25.71,1003.09,10.15,1.92
2016.6.12,68.79,84.38,5.88,26.58,964.58,131.73,25.34,1002.33,15.53,1.56
2016.6.13,43.57,46.29,2.29,22.43,595.24,99.38,20.32,998.92,17.38,1.62
2016.6.14,36.92,38.92,2,21.33,583.33,78.21,19.49,995.64,15.96,1.83
2016.6.15,17.5,27.63,2.67,27.58,437.5,93.17,23.53,997.9,14.24,1.65
2016.6.16,22.79,41.29,2.08,38.13,491.67,79.75,26.84,993.96,13.27,1.48
2016.6.17,13.15,44,2,41,570.83,53.13,25.84,993.84,14,1.64
2016.6.18,27.98,65.88,4.21,35.17,600,108.54,26.88,1000.13,15.88,1.96
2016.6.19,62.58,88.25,4.5,28.42,779.17,155.21,29.54,1000.51,15.27,2.1
2016.6.20,86.96,93.17,5.79,23.08,1116.67,186.15,28.52,998.01,19.01,1.8
2016.6.21,91.29,98.54,2.88,23.96,920.83,156.75,28.35,997.39,20.55,1.77
2016.6.22,51.71,66,2.58,24.38,675,147.06,27.67,997.94,19.48,1.86
2016.6.23,79.88,101.15,5.75,30.4,1029.17,113.69,27.38,998.8,18.4,1.58
2016.6.24,15.83,21.5,2,27.42,375,63.98,27.58,1001.44,8.79,2.16
2016.6.25,16.25,28.21,2.21,25.83,300,79.88,30.77,1002.5,7.71,1.96
2016.6.26,39.9,64.76,4.1,36.95,461.9,104.93,29.6,1001.25,11.67,2.07
2016.6.27,57.96,82.46,6.92,30.29,662.5,126.92,26.54,999.11,14.98,2.13
2016.6.28,73.71,74.33,2,24.46,729.17,85.25,21.13,1001.42,18.34,1.43
2016.6.29,113.08,114.08,2,25.96,887.5,97.04,24.17,1000.16,20.26,1.33
2016.6.30,54.96,61.08,2.08,25.58,616.67,120.23,26.63,999.16,18.95,1.54
2016.7.01,13.5,23,2,21.54,341.67,94.42,28.11,999.52,13.2,2.11
2016.7.02,52.17,64.63,2.96,29.54,654.17,113.04,28.2,1000.48,16.43,1.87
2016.7.03,82.5,98.96,8.42,36.92,954.17,128.96,28.57,1001.91,18.63,1.83
2016.7.04,136.79,137.67,4.67,25.13,1195.83,134.73,27.8,1003.36,20.35,2.05
2016.7.05,96.17,98.63,4.42,23.58,941.67,146.46,27.87,1006.18,18.14,1.75
2016.7.06,68.83,79.54,5.17,31.79,875,151.83,29.31,1007.27,16.78,1.75
2016.7.07,108.54,116.04,7.79,29.83,1233.33,162.38,29.04,1006.63,19.1,1.98
2016.7.08,91.04,97.63,6.08,35.71,1162.5,119.25,28.34,1004.07,21.36,1.95
2016.7.09,78.71,82.71,4.42,34.46,729.17,114.21,30.38,1000.63,22.34,1.94
2016.7.10,88.58,91.79,5.5,31.88,691.67,125.77,31.79,998.16,21.46,2.09
2016.7.11,87.83,92.75,8.17,27.38,587.5,132,32.08,995.45,21.36,2.78
2016.7.12,25.75,36.79,3.58,29.13,475,78.46,28.01,995.89,21.14,1.93
2016.7.13,22.71,27.92,2.08,36.63,383.33,103.46,30.14,999.93,18.17,1.64
2016.7.14,39.63,63.13,4.92,47.88,816.67,94.35,29.03,1002.03,17.02,1.7
2016.7.15,42.83,43.17,2,29.04,675,72.08,22.06,1000.28,18.97,1.34
2016.7.16,42.21,44.54,2.25,42.79,700,57.6,23.79,999.28,17.33,1.25
2016.7.17,81.44,86.56,2.67,44.52,954.17,122.33,26.56,1002.5,18.83,1.35
2016.7.18,102.54,103.17,3.25,57.04,1125,94.25,25.76,1003.23,21.46,1.15
2016.7.19,97.75,98.38,2.21,47,1112.5,41.63,23.97,1003.19,22.21,1.35
2016.7.20,40.83,40.92,2,21.79,658.33,54.52,21.94,997.95,20.93,3.09
2016.7.21,25.88,28.04,2,20.67,720.83,43,23.99,996.61,22.67,1.15
2016.7.22,84.46,84.46,2,21.42,970.83,84.33,27.55,996.75,23.77,1.28
2016.7.23,136.25,136.25,2,27.58,1104.17,109.29,28.78,997.01,25.46,1.46
2016.7.24,70.13,71.71,2.04,28.13,812.5,102.77,28.55,999.98,24.54,1.36
2016.7.25,49.06,80.53,2,26.18,855.88,62.82,27.55,998.28,24.84,1.29
2016.7.26,29.17,54.5,2,30.17,350,137.67,30.68,998.68,22.23,1.92
2016.7.27,46.96,57.08,2.04,49.21,745.83,120.88,28.89,997.65,23,1.74
2016.7.28,49.38,53,2,46.79,729.17,113.71,28,997.36,22.12,1.24
2016.7.29,117,117,2.04,59.08,1250,130.13,29.22,1000.29,24.77,1.62
2016.7.30,147.23,147.23,2,50.69,1518.75,76.42,27.84,1003.65,24.85,1.65
2016.7.31,52.42,52.42,2,52.21,1000,74.88,25.71,1004.83,22.22,1.33
2016.8.01,66.57,66.57,2.29,43.76,1171.43,105.9,28.24,1004.68,23.64,1.28
2016.8.02,54.42,54.42,2,41.06,956.25,97.5,29.71,1005.33,22.35,1.63
2016.8.03,54.42,54.42,2,35.58,800,138.83,30.74,1005.33,22.88,1.38
2016.8.04,108.29,108.29,2,37.31,1383.33,155.19,30.5,1005.5,24.14,1.71
2016.8.05,63,63,2.08,27.25,787.5,115.38,29.64,1005.25,23.45,1.58
2016.8.06,105.25,105.25,2.79,39.42,904.17,111.42,29.88,1001.67,24.63,1.6
2016.8.07,18.63,18.63,2.13,22.92,637.5,99.58,27.58,1003.58,21.67,1.54
2016.8.08,33.63,33.63,2.08,32.25,741.67,100.44,28.76,1005.44,20.04,1.82
2016.8.09,43.79,43.79,4.38,45.83,1079.17,116.79,27.82,1004.04,20.31,1.57
2016.8.10,77.17,77.17,2.13,23.35,789.58,121.25,30.49,1002.45,24.2,2.27
2016.8.11,83.08,83.08,3.29,25.29,841.67,119.04,32,1002,25.54,1.94
2016.8.12,58.65,58.65,2,35.06,808.33,63.04,29.42,1001.13,25.02,1.63
2016.8.13,22.67,22.67,2.67,47.46,675,27.25,27.89,1001.42,20.46,1.38
2016.8.14,20.29,20.29,2.46,43.35,516.67,94.08,29.15,1001.91,18.23,1.37
2016.8.15,21.79,21.79,2.04,35.54,570.83,69.58,25.57,1003.87,18.69,1.64
2016.8.16,23.67,23.67,2,35.48,495.83,86.29,26.41,1001.27,19.28,1.6
2016.8.17,64.17,64.17,2,65.79,900,34.92,25.48,999.93,21.9,0.99
2016.8.18,82.42,82.42,2,49.77,1583.33,29.52,23.35,997.66,22.45,1.31
2016.8.19,19.75,19.75,2,31.92,845.83,73.58,27.92,1001.35,20.78,2.02
2016.8.20,56.38,56.38,2,38.31,1020.83,126.5,27.72,1004.54,21.4,1.1
2016.8.21,51.08,51.08,2.04,43.13,779.17,145.17,28.92,1005.1,22.03,1.43
2016.8.22,44.17,44.17,6.5,27.75,820.83,124.83,29.36,1007.08,19.57,1.75
2016.8.23,65.58,65.58,7.79,36.04,716.67,101.46,27.94,1002.75,20.13,1.5
2016.8.24,77.79,80.71,3.4,51.96,925,93.13,27.88,1000.3,21.56,1.03
2016.8.25,19.21,25.58,2.08,32,333.33,57.71,27.25,1006.58,12.53,2.91
2016.8.26,9.92,19.67,2,40.69,225,52.25,24.56,1012.18,8.15,1.51
2016.8.27,13.88,29.88,3.04,47.75,341.67,40,24.54,1008.6,10.51,1.37
2016.8.28,11.04,22.25,2.63,39.71,187.5,59.46,25.67,1007.85,9.9,1.66
2016.8.29,17.63,35.42,2.42,47.46,287.5,64.92,25.52,1007.63,11.38,1.5
2016.8.30,31.17,52.96,2.29,54.48,637.5,110.73,26.28,1001.83,14.6,1.51
2016.8.31,17.44,26.25,2.56,46.17,666.67,56.96,27.43,992.95,6.43,2.67
2016.9.01,6.17,24.38,2.5,29.44,279.17,49.23,25.21,992.5,5.77,2.33
2016.9.02,11.83,25.75,2.04,25,404.17,27.75,24.01,998.39,14.18,1.52
2016.9.03,18.46,30,2.54,29.98,358.33,71.38,25.88,1002.98,16.41,1.39
2016.9.04,79.83,91.67,4.42,51.17,987.5,93.96,26.09,1005.41,18.18,1.7
2016.9.05,27,36.21,2.17,28.42,408.33,89.96,25.63,1006.13,15.55,1.75
2016.9.06,20.67,26.89,2.44,44.39,438.89,34.11,25.7,1004.89,13.82,1.6
2016.9.07,42.85,67.38,3.92,44.69,615.38,98.85,24.97,1002.21,15.53,2.43
2016.9.08,20.67,37,2,48.96,479.17,52.58,24.07,1002.45,13.82,1.28
2016.9.09,19.92,42.58,3.54,53.58,408.33,35.88,24.92,1004.18,13.03,1.56
2016.9.10,14.79,37.79,2.46,45.88,320.83,52.71,25.33,1005.91,12.43,1.48
2016.9.11,36.58,53.5,2.17,35.06,704.17,90.27,21.73,1009.68,17.23,1.81
2016.9.12,29.54,43.04,2,34.54,583.33,82,22.57,1013.05,16.33,1.24
2016.9.13,90.83,98.21,2.04,56.31,945.83,71.42,23.09,1013.6,18.5,1.28
2016.9.14,101.75,110.33,2.71,54.5,1000,85.96,24.64,1012.2,18.4,1.7
2016.9.15,73.42,89.79,2.88,50.9,758.33,95.75,25.2,1010.14,18.3,1.32
2016.9.16,136.92,141.38,3.58,47.42,1041.67,106.92,24.92,1008.42,19.83,1.47
2016.9.17,43.58,53.75,2,44.54,600,40.15,21.65,1013.68,16.77,1.15
2016.9.18,20.92,23.75,2,35.63,391.67,21.88,19.06,1016.11,15.58,1.27
2016.9.19,10.71,18.63,2,38.69,295.83,34.25,19.26,1017.57,10.55,1.38
2016.9.20,18.25,37.04,2,49.96,425,44.88,19.8,1016.06,10,1.18
2016.9.21,67.33,99.17,7.38,87,895.83,21.96,19.2,1015.06,12.68,1.18
2016.9.22,106.71,112.25,8.88,69.13,983.33,60.17,20.22,1011.31,14.59,1.36
2016.9.23,134.46,134.88,2.5,54.94,1133.33,109.67,21.57,1007.96,16.95,1.34
2016.9.24,121.58,128.96,2.79,68.83,1000,94.17,22.28,1006.1,17.68,1.11
2016.9.25,173.47,175.16,2.42,57.5,1310.53,78.13,23.28,1009.39,18.51,1.62
2016.9.26,55.61,56.43,2,51,1004.35,52.7,19.57,1010.02,18.03,1.25
2016.9.27,25.31,33,2,31.4,537.5,41.6,18.29,1016.44,5.66,3.68
2016.9.28,18.87,42.4,2,61,473.33,6.8,13.53,1022.34,1.95,1.7
2016.9.29,54.13,78.46,4.63,60.79,702.08,47.08,14.9,1015.47,6.46,1.26
2016.9.30,100.63,120.63,5.79,84.75,987.5,64.75,17.58,1011.28,9.71,1.1
2016.10.01,164.13,175.83,8.25,99.92,1350,59.54,18.78,1010.48,12.14,1.03
2016.10.02,189.58,191.29,3.25,80.38,1304.17,76.17,19.52,1008.65,14.03,1.05
2016.10.03,119.75,131.54,2.42,69.54,1091.67,59.54,22.25,1006.76,16.86,1.31
2016.10.04,34.75,47.88,2.08,39.58,916.67,22.79,16.84,1011.16,12.75,2.22
2016.10.05,55.75,62.08,2,46.46,1175,25.88,16.74,1014.31,13.29,1.43
2016.10.06,70.88,75.71,2,55.33,1662.5,6.04,15.44,1020.78,13.13,1.61
2016.10.07,41.21,41.33,2,47.9,1620.83,11.54,13.5,1015.28,11.52,1.59
2016.10.08,11,19.25,2.17,27.67,337.5,48.79,12.64,1018,-0.45,2.42
2016.10.09,30.42,57.88,3.88,56.56,675,16.08,10.24,1018.9,3.48,1.25
2016.10.10,89.08,116.67,8.63,85,1191.67,15.29,11.61,1014.03,6.8,0.91
2016.10.11,115.58,120.17,5.25,72.4,1370.83,27.85,13.7,1017.47,9.09,1.66
2016.10.12,76.08,87.46,2.58,66.29,1108.33,29.46,14.88,1020.07,9.41,1.14
2016.10.13,161.33,169.42,2.63,90.63,1570.83,33.46,15.38,1015.46,11.98,0.74
2016.10.14,240.33,244.17,3.21,120.75,1912.5,29.96,15.98,1016.53,13.28,0.82
2016.10.15,198.33,200,3.15,108.71,2039.58,2.06,14.12,1018.24,12.28,0.71
2016.10.16,112.54,113.21,2.5,66.67,1004.17,28.67,15.95,1014.35,12.97,1.01
2016.10.17,69.77,84.06,2.13,59,879.17,29.13,15.86,1016.43,8.13,1.37
2016.10.18,115.33,146.54,3.38,77.25,1916.67,7.21,15.91,1015.89,13.1,1.17
2016.10.19,230.17,230.42,3.42,97.29,2316.67,13.96,17.03,1012.45,14.58,0.96
2016.10.20,93.79,110.29,4.5,68.17,1400,12.88,14.04,1017.73,8.59,1.76
2016.10.21,46.38,47.38,2,51.13,758.33,13.6,10.81,1015.4,8.51,1.14
2016.10.22,15.58,19.63,2,32.71,500,16.42,12.14,1018.69,5.61,2.28
2016.10.23,26.71,42.88,2.38,41.21,562.5,17.71,11.06,1019.19,1.71,1.19
2016.10.24,69.25,126.29,2.33,72.04,1170.83,2.21,10.01,1013.61,6.03,0.92
2016.10.25,101.88,128.5,2.08,83.46,1404.17,4,11.43,1010.61,7.93,1.16
2016.10.26,47.96,79.83,4.67,57.29,816.67,19.29,12.56,1019.5,2.91,2.08
2016.10.27,33.04,52.04,4.5,56.44,1116.67,4.67,9.09,1023.07,4.1,1.73
2016.10.28,10.17,19.88,2.5,30.75,345.83,34.38,9.5,1025.55,-3.24,2.08
2016.10.29,20.58,47.04,3.08,52.56,445.83,18.42,6.86,1026.69,-3.42,1.85
2016.10.30,47.88,78.58,2.83,50.13,808.33,23.08,6.46,1022.42,-3.42,2.32
2016.10.31,7.04,17.63,5.08,19,220.83,47.73,3.18,1033.23,-18.05,2.91
2016.11.01,39,60.63,11.21,59.75,637.5,19.96,2.68,1029.86,-7.67,1.28
2016.11.02,103.04,139.46,9.04,86.92,1462.5,9.17,5.19,1021.95,-2.4,1.31
2016.11.03,196.79,229.71,7,118.63,2875,5,5.61,1014.23,1.59,0.99
2016.11.04,246.38,274.67,3.92,129.13,3941.67,4.92,6.06,1005.48,4.13,1
2016.11.05,175.5,177.58,3,99.54,3533.33,20.25,8.73,1010.57,5.35,1.61
2016.11.06,67.04,74.38,7.38,55.46,1566.67,27.94,7.95,1023,-2.98,1.61
2016.11.07,43.92,50.04,2.17,48.54,1220.83,23.38,8.39,1025.67,-3.17,2.21
2016.11.08,35.67,55.13,6.58,60.63,943.75,16.75,5.25,1029.88,-4.1,1.15
2016.11.09,161.29,181,14.29,96.44,2612.5,3.69,3.28,1025.18,0.03,0.95
2016.11.10,147.58,164.71,5.63,77.5,1741.67,10.58,7.02,1011.01,0.5,1.53
2016.11.11,74.79,109.63,7.29,77.46,1464.58,6.08,4.82,1010.39,-1.35,0.96
2016.11.12,72.67,115.88,7.5,73.44,1400,10.75,6.89,1015.69,1.03,1.18
2016.11.13,96.63,147,6,76.04,2283.33,2.08,8.14,1013.48,4.23,0.96
2016.11.14,44.13,71.75,3.42,42.21,991.67,39.83,9.39,1017.88,-10.01,2.97
2016.11.15,41.29,49.29,10.67,70.54,1341.67,12.38,4.22,1021.83,-6.7,1.03
2016.11.16,106.75,119.08,12.38,91.58,2591.67,9.42,5.3,1016.96,-0.2,0.88
2016.11.17,113.63,149.58,14.04,76.88,2691.67,2.92,5.88,1019.32,-0.26,1.07
2016.11.18,193.21,261.58,10.96,88.79,3883.33,2,6.73,1011.04,3.61,1.02
2016.11.19,127.58,153.38,5.58,67.79,1945.83,21.54,10.08,1013.88,1.48,1.69
2016.11.20,51.54,58.25,2.25,42.79,1154.17,9.27,3.75,1021.21,0.96,2.42
2016.11.21,9.79,20.5,3.96,15,420.83,59.92,-1.35,1027.34,-9.28,3.78
2016.11.22,8.17,19.5,5.21,18.33,358.33,53.71,-3.31,1035.04,-18.66,3.76
2016.11.23,15.96,26.21,7.92,32.17,533.33,38.71,-0.64,1031.22,-16.85,2.38
2016.11.24,71,88.13,16.21,76.25,1420.83,12.21,-0.22,1025.28,-12.18,1.28
2016.11.25,165.75,191.25,23.96,107.71,2862.5,4.17,0.56,1021.13,-7.07,1.03
2016.11.26,277.92,365.21,18.5,131.83,4029.17,7,2.08,1016.56,-4.11,1
2016.11.27,59.54,75.71,7.96,58.63,1154.17,31.38,2.78,1023.51,-11.03,1.78
2016.11.28,58.67,87.38,17.98,88.71,1904.17,5.4,0.8,1028.23,-8.63,0.87
2016.11.29,109.96,146.79,28.71,93.33,2945.83,2.58,1.34,1029.56,-4.63,1.08
2016.11.30,93.92,122.08,12.88,74.29,2333.33,24.67,5.02,1020.64,-4.41,1.98
2016.12.01,29.92,43.83,7.75,48.33,650,41.71,5.1,1027.73,-10.58,1.38
2016.12.02,86.67,100.29,17.29,87.6,1804.17,9.79,3.15,1025.28,-7.09,1.03
2016.12.03,206.75,226.54,23.21,119.5,3416.67,5.58,2.09,1017.19,-3.46,0.92
2016.12.04,310,322.13,14.33,127.83,4366.67,8.38,2.91,1012.97,-2.1,0.73
2016.12.05,38.5,49.13,5.88,45.63,891.67,33,2.6,1023.58,-11.4,2.43
2016.12.06,88.04,123.25,21.38,107.98,2541.67,5.13,0.03,1019.06,-11.68,0.9
2016.12.07,139.67,167.25,30.5,116,2870.83,5.38,3,1019.27,-6.02,1.58
2016.12.08,94.58,115.17,9.29,57.88,1900,38.29,4.4,1014.32,-8.78,2.64
2016.12.09,21.54,35.88,6.63,40.71,666.67,36.88,1.5,1024.32,-12.55,1.59
2016.12.10,44.46,60.96,14.83,68.06,1433.33,10.67,-0.7,1025.26,-10.98,0.93
2016.12.11,176.79,206.38,34.75,114.92,3937.5,4.46,-0.7,1021.16,-6.68,1.19
2016.12.12,211.83,213.75,38.58,106.35,2733.33,6.63,2.48,1020.41,-3.79,0.96
2016.12.13,48.5,59.33,7.56,54.1,1108.33,28.5,1.23,1027.14,-12.58,1.55
2016.12.14,24.88,34.96,10.63,47.08,687.5,33.75,-0.77,1029.31,-16.81,1.95
2016.12.15,27.5,52.63,13.04,47.67,937.5,33.96,0.12,1028.49,-14.5,2.37
2016.12.16,85,106,19.88,97.67,1958.33,8.83,-0.1,1022.55,-10.63,0.98
2016.12.17,211.71,222.88,35.67,120.46,3675,5.58,-0.12,1018.48,-6.66,0.87
2016.12.18,228.08,231.75,30.67,117.25,4129.17,5.71,0.11,1020.03,-5.76,0.52
2016.12.19,229.5,229.5,29.88,129.46,4687.5,5.13,0.48,1020.86,-5.33,0.68
2016.12.20,336,336.58,6.29,131.75,7450,5.13,-1.29,1024.9,-2.86,1.23
2016.12.21,370.92,370.92,9.46,154.29,7487.5,4.96,0.96,1022.06,-2.34,1.05
2016.12.22,68.08,68.08,8.04,34.58,1308.33,47.5,2.87,1019.76,-10.98,3.34
2016.12.23,29.92,33.04,7.42,51.42,708.33,26.54,-0.6,1026.21,-13.51,1.53
2016.12.24,129.63,147.75,29.75,100.33,2995.83,5.46,-0.65,1026.4,-8.79,1.24
2016.12.25,158.96,165.46,35.63,109.67,3179.17,2.67,-1.17,1024.99,-6.35,0.98
2016.12.26,50.83,52.04,20.58,51.17,1091.67,28.46,1.5,1027.32,-12.73,1.63
2016.12.27,32.67,49.35,11.5,41.5,887.5,34.5,-0.87,1030.36,-15.06,2.09
2016.12.28,64.46,75.38,8.13,44.04,937.5,31.85,-0.83,1028.65,-13.6,2.68
2016.12.29,54.92,71.21,12,56.04,858.33,26.71,-1.2,1031.02,-16.49,1.64
2016.12.30,200.58,220.5,20.67,104.83,3200,6.83,-3.14,1025.43,-9.48,1.08
2016.12.31,301.17,319.46,18.54,139.92,4445.83,6.25,-2.53,1022.93,-7.93,0.85
2017.1.01,464.08,479.33,8.83,150.58,6791.67,4.92,-2.9,1021.03,-5.03,1.1
2017.1.02,173.83,194.42,13.67,94.42,3083.33,30.21,0.58,1021.47,-8.13,1.42
2017.1.03,292.46,298.75,20.13,147.79,5720.83,12.38,-0.35,1018.68,-5.83,0.82
2017.1.04,368.17,381.33,19.79,170.96,7512.5,9.38,-0.53,1021.91,-4.46,1.12
2017.1.05,219.04,228.08,11.96,120.29,5958.33,4.92,0.97,1026.52,-2.58,1.11
2017.1.06,197.42,197.42,23,115.92,3904.17,5.21,0.7,1023.08,-3.42,0.83
2017.1.07,155.25,155.25,19.33,85.21,2629.17,5.58,1.59,1020.1,-1.63,1.03
2017.1.08,21.92,21.92,11.25,32.38,462.5,49.63,3.79,1018.43,-10.09,2.74
2017.1.09,33.67,38.33,5.21,42.17,650,43.71,0.86,1022.3,-12.43,3.32
2017.1.10,24.63,33.17,6.46,42.25,629.17,43.25,0.57,1025.26,-15.73,3.2
2017.1.11,49.33,62.5,25.17,86.9,1633.33,17.77,-0.49,1021.69,-11.32,1.18
2017.1.12,46.38,62.75,19.79,69.29,895.83,43.63,1.48,1017.26,-12.01,2.07
2017.1.13,14.17,27.13,14.58,27.54,350,72.54,0.47,1021.29,-20.05,3.35
2017.1.14,22.42,37.63,15.71,53.75,729.17,42.13,-1.67,1028.65,-20.35,2.08
2017.1.15,48.5,60.92,11.17,56.17,887.5,38.42,-3.25,1029.75,-8.78,1.62
2017.1.16,98.54,103.21,19.88,81.13,1725,22.67,-1.91,1027.99,-7.6,1.55
2017.1.17,147,150.65,28.04,86.48,2095.65,29.83,-0.82,1026.61,-6.11,1.3
2017.1.18,40.62,56.23,9.31,63.77,630.77,27.69,-0.41,1028.4,-15.3,1.25
2017.1.19,28,71.89,9.83,29.5,722.22,60.39,-3.02,1027.63,-19.12,4.66
2017.1.20,21.5,30.21,9.25,34.54,541.67,58.92,-4.75,1030.01,-21.81,2.25
2017.1.21,27.17,48.25,12.92,35.54,866.67,58,-3.74,1026.73,-21.76,3.02
2017.1.22,24.17,32.71,11,50.25,741.67,39.63,-4.75,1031.26,-20.55,1.7
2017.1.23,31.75,39.42,13.58,47.67,912.5,43.42,-5.1,1031.51,-17.86,1.38
2017.1.24,87.46,94.25,35.29,87.83,2120.83,38.29,-3.68,1032.83,-14.02,1.21
2017.1.25,179.71,180.46,42.42,111.83,3127.08,40.69,-2.76,1028.16,-10.32,1.06
2017.1.26,167.58,177.46,28.13,73.54,2758.33,62.5,0.57,1020.23,-10,2.39
2017.1.27,60.52,77.29,23.81,31.57,628.57,75.33,-0.83,1026.89,-15.5,2.12
2017.1.28,379,435.17,97.88,83.75,2233.33,64.04,-1.42,1017.92,-10.13,1.46
2017.1.29,54.92,71.21,12,56.04,858.33,26.71,-1.2,1031.02,-16.49,1.64
2017.1.30,25.29,29.88,14.38,18.71,487.5,79.38,-2.27,1032.66,-26.35,2.61
2017.1.31,72.79,77.63,31.67,53.92,1341.67,65.75,0.86,1025.05,-22.7,1.78
2017.2.01,29.08,47.58,13.83,25.67,602.08,77.92,0.1,1032.75,-22.03,2.02
2017.2.02,84.54,91.67,38.79,73.92,1595.83,71.46,-1.54,1026.41,-18.78,0.95
2017.2.03,161.38,166.88,54.21,97.58,2566.67,58.13,-0.58,1019.25,-14.22,0.93
2017.2.04,260.17,262.83,63.08,114.96,3641.67,66.33,3.79,1014.42,-8.88,1.35
2017.2.05,11.88,14.29,9.04,21.75,400,79.42,5.01,1018.18,-15.35,2.28
2017.2.06,11.25,20.13,8.88,28.71,391.67,73.58,2.01,1027.44,-17.83,2.34
2017.2.07,77.46,88.08,22.54,73.83,1362.5,47.5,0.11,1027.06,-9.33,1.24
2017.2.08,37.58,52.08,8.5,32.38,845.83,69.83,-0.47,1026.8,-16.64,2.93
2017.2.09,7.06,17.48,3.92,11.46,256.25,99.13,-1.43,1024.69,-21.58,3.83
2017.2.10,7.04,22,4.88,14.63,308.33,91.13,0.4,1025.02,-22.5,3.51
2017.2.11,42.38,62.5,22.04,59.25,800,52.38,2.2,1024.1,-18.17,1.52
2017.2.12,104.46,128.83,51.04,94.04,2250,25,1.55,1022.64,-12.79,1.11
2017.2.13,92.92,112.79,32,85.17,2433.33,35.75,3.86,1027.2,-11.87,1.3
2017.2.14,182.83,186.29,30.79,120.92,2583.33,10.63,-0.24,1029.03,-5.09,1.18
2017.2.15,227.63,227.71,44.63,125.46,3308.33,20.42,1.54,1016.74,-5.83,0.88
2017.2.16,121.54,136.67,25.58,70.71,1683.33,54.04,4.9,1014.79,-11.54,3.26
2017.2.17,20.17,37.88,8.67,28.58,441.67,52.96,2.4,1026.46,-20.71,3.01
2017.2.18,82.5,110.29,29.04,74.13,1275,19.54,2.95,1018.1,-13.95,1.58
2017.2.19,109.25,141,28.08,68.08,1287.5,38.21,4.69,1006.55,-11.87,2.6
2017.2.20,9.94,29.52,4.81,25.27,364.58,65.27,0.72,1026.7,-21.9,2.8
2017.2.21,9.94,29.52,4.81,25.27,364.58,65.27,0.72,1026.7,-21.9,2.8
2017.2.22,79.5,80.83,6.1,47.83,981.25,43.71,1.16,1019.29,-6.75,2.04
2017.2.23,16.83,24.42,6.75,36.88,504.17,75.13,3.73,1024.32,-12.33,2.03
2017.2.24,21.54,32.63,16.58,58.88,575,50.79,5.17,1021.01,-11.14,1.6
2017.2.25,11.21,19.71,6.75,43.38,420.83,65.88,7.25,1018.81,-10.75,1.83
2017.2.26,28.13,40.71,10.08,65.38,720.83,48.63,7.21,1020.34,-8.26,1.57
2017.2.27,75.33,97.33,21.15,98.44,1427.08,37.29,8.34,1017.14,-7.15,1.52
2017.2.28,13.17,23.29,9.13,38.29,420.83,82.21,10.96,1014.89,-12.78,2.06
